{
  "neutral": {
    "angry": 8.549471855163574,
    "disgust": 6.127689289314731e-07,
    "fear": 2.011218786239624,
    "happy": 1.788626286725048e-05,
    "sad": 70.1845474243164,
    "surprise": 2.6111606530321296e-06,
    "neutral": 19.25474739074707
  },
  "happy": {
    "angry": 9.531939326734573e-08,
    "disgust": 1.780623979630281e-15,
    "fear": 2.9209804019991736e-10,
    "happy": 99.22967529296875,
    "sad": 7.683992748752644e-07,
    "surprise": 2.8815427413064754e-06,
    "neutral": 0.7703250646591187
  },
  "sad": {
    "angry": 2.0640149116516113,
    "disgust": 3.852808561077836e-07,
    "fear": 0.044241078197956085,
    "happy": 0.03031599149107933,
    "sad": 1.957881212234497,
    "surprise": 0.0007779826410114765,
    "neutral": 95.90277099609375
  },
  "fear": {
    "angry": 0.0003120851470157504,
    "disgust": 2.1175026176933898e-07,
    "fear": 1.2248990535736084,
    "happy": 0.005288205109536648,
    "sad": 65.98446655273438,
    "surprise": 1.1158587085446925e-06,
    "neutral": 32.78502655029297
  },
  "angry": {
    "angry": 3.0838329792022705,
    "disgust": 6.4080238892927355e-09,
    "fear": 9.890825271606445,
    "happy": 0.023468468338251114,
    "sad": 45.944087982177734,
    "surprise": 0.4457540214061737,
    "neutral": 40.612030029296875
  },
  "disgust": {
    "angry": 30.2652530670166,
    "disgust": 4.947596153215272e-06,
    "fear": 0.28747761249542236,
    "happy": 0.8505178689956665,
    "sad": 10.794374465942383,
    "surprise": 0.0007052906439639628,
    "neutral": 57.80166244506836
  },
  "surprise": {
    "angry": 4.520755290985107,
    "disgust": 7.067976184771396e-06,
    "fear": 32.85422134399414,
    "happy": 0.010007588192820549,
    "sad": 24.34724998474121,
    "surprise": 33.68864440917969,
    "neutral": 4.579115390777588
  }
}