{
  "neutral": {
    "angry": 0.0013663734813841681,
    "disgust": 9.487877762049468e-11,
    "fear": 4.0459951075414814e-05,
    "happy": 0.1317122516532739,
    "sad": 0.6678561083972454,
    "surprise": 1.2667307440021128e-07,
    "neutral": 99.19902801513672
  },
  "happy": {
    "angry": 2.7884661070250633e-05,
    "disgust": 5.2592331463668755e-11,
    "fear": 1.5519501056715512e-05,
    "happy": 95.27205149332683,
    "sad": 0.0067459884836959345,
    "surprise": 2.6993038746610707e-06,
    "neutral": 4.721158576508363
  },
  "sad": {
    "angry": 1.419607654878746,
    "disgust": 0.0009237253786310687,
    "fear": 6.209688152111862,
    "happy": 32.940915982811326,
    "sad": 46.07324789600292,
    "surprise": 0.0005210407035003695,
    "neutral": 13.355093598365784
  },
  "fear": {
    "angry": 0.03726852087493171,
    "disgust": 6.186597406697284e-06,
    "fear": 22.91970296727959,
    "happy": 65.12964268525441,
    "sad": 0.06447103743751843,
    "surprise": 2.8281471569168084,
    "neutral": 9.02076280117035
  },
  "angry": {
    "angry": 0.12590702747305235,
    "disgust": 1.9056373368186996e-08,
    "fear": 0.026592571967436623,
    "happy": 53.71185111999512,
    "sad": 1.8730790416399639,
    "surprise": 1.437366828819601e-06,
    "neutral": 44.2625675201416
  },
  "disgust": {
    "angry": 2.8792970251162324,
    "disgust": 0.0023751045607652206,
    "fear": 5.309718527368278,
    "happy": 33.335404970905074,
    "sad": 8.201329136043341,
    "surprise": 0.00042463317278108523,
    "neutral": 50.27145115161935
  },
  "surprise": {
    "angry": 0.04494180821347982,
    "disgust": 1.2859327176428792e-06,
    "fear": 37.26053714752197,
    "happy": 0.8683154508471489,
    "sad": 0.4513114020228386,
    "surprise": 47.56340217590332,
    "neutral": 13.811491099186242
  }
}