{
  "neutral": {
    "angry": 6.256928602854411,
    "disgust": 0.0004796056406727682,
    "fear": 5.027762730916341,
    "happy": 0.03239860354612271,
    "sad": 45.826638539632164,
    "surprise": 8.718197993099845e-05,
    "neutral": 42.85570271809896
  },
  "happy": {
    "angry": 2.9097692597531327e-07,
    "disgust": 6.760433306380983e-14,
    "fear": 1.8554567276000213e-12,
    "happy": 99.99922688802083,
    "sad": 2.2409634937048395e-05,
    "surprise": 1.2293767233849793e-14,
    "neutral": 0.0007514527145152291
  },
  "sad": {
    "angry": 0.15594477454821268,
    "disgust": 7.014862793650971e-12,
    "fear": 0.0006461169008010378,
    "happy": 2.3634273323599095e-07,
    "sad": 1.0864432454109192,
    "surprise": 3.3408625010148776e-06,
    "neutral": 98.75696055094402
  },
  "fear": {
    "angry": 0.10230239853262901,
    "disgust": 9.663527057076256e-07,
    "fear": 0.03560998228689035,
    "happy": 0.13677094876766205,
    "sad": 4.157952308654785,
    "surprise": 0.030856268480420113,
    "neutral": 95.53650919596355
  },
  "angry": {
    "angry": 16.092694918314617,
    "disgust": 1.907597307611771e-05,
    "fear": 7.606403986612956,
    "happy": 6.116397980804322e-05,
    "sad": 44.87469609578451,
    "surprise": 2.562155237972874e-08,
    "neutral": 31.426127751668293
  },
  "disgust": {
    "angry": 11.607539435227713,
    "disgust": 7.804677404018421e-10,
    "fear": 0.00018446004590562856,
    "happy": 0.00026612063811626285,
    "sad": 44.87309010823568,
    "surprise": 5.612659924499053e-10,
    "neutral": 43.518920262654625
  },
  "surprise": {
    "angry": 10.58581511179606,
    "disgust": 0.00795221080382665,
    "fear": 34.55266825358073,
    "happy": 2.9837170839309692,
    "sad": 46.324902852376304,
    "surprise": 0.29693016906579334,
    "neutral": 5.248013416926066
  }
}