{
  "neutral": {
    "angry": 0.0016635512555967097,
    "disgust": 3.7688512877096176e-15,
    "fear": 1.9131896632273993e-05,
    "happy": 50.000219812995056,
    "sad": 0.002495365328883281,
    "surprise": 0.0006685770402840236,
    "neutral": 49.9949334617545
  },
  "happy": {
    "angry": 0.292381636875992,
    "disgust": 1.7526372515467894e-13,
    "fear": 0.013516991639335174,
    "happy": 30.65567506494699,
    "sad": 0.2986444824685653,
    "surprise": 0.0018220800709543756,
    "neutral": 68.73796081542969
  },
  "sad": {
    "angry": 4.772275785915554,
    "disgust": 3.55508653152962e-06,
    "fear": 25.5907690251867,
    "happy": 22.037884585559368,
    "sad": 0.4276811679204305,
    "surprise": 2.6593361844619117,
    "neutral": 44.51205023129781
  },
  "fear": {
    "angry": 0.001315500280422081,
    "disgust": 1.1185488873204722e-11,
    "fear": 58.080075562562946,
    "happy": 33.33140965891932,
    "sad": 6.131416785137844e-05,
    "surprise": 8.585877191705853,
    "neutral": 0.0012618356493564835
  },
  "angry": {
    "angry": 2.1491645723581314,
    "disgust": 1.6567414836447195e-05,
    "fear": 35.52226928869883,
    "happy": 0.014510560606140643,
    "sad": 27.345490833433967,
    "surprise": 31.794448610919062,
    "neutral": 3.1741071889797845
  },
  "disgust": {
    "angry": 6.531661888391682,
    "disgust": 4.676265504225648e-08,
    "fear": 1.2518870233129746,
    "happy": 2.9693991395955286,
    "sad": 1.7501541981570579,
    "surprise": 0.031217533875557518,
    "neutral": 87.46568044026692
  },
  "surprise": {
    "angry": 0.012028385134423539,
    "disgust": 3.868467426651053e-07,
    "fear": 48.236427307128906,
    "happy": 0.001999272449931292,
    "sad": 0.0008098126223811489,
    "surprise": 51.74871953328451,
    "neutral": 1.6854591554646876e-05
  }
}