{
  "neutral": {
    "angry": 15.36905288696289,
    "disgust": 4.395708310767077e-05,
    "fear": 13.842082977294922,
    "happy": 0.00337606156244874,
    "sad": 20.53659439086914,
    "surprise": 0.014324300922453403,
    "neutral": 50.23453140258789
  },
  "happy": {
    "angry": 0.00111021485645324,
    "disgust": 2.4004913939279504e-05,
    "fear": 0.8710677623748779,
    "happy": 48.75495147705078,
    "sad": 0.22075001895427704,
    "surprise": 0.06411847472190857,
    "neutral": 50.087974548339844
  },
  "sad": {
    "angry": 1.701985478401184,
    "disgust": 4.836729203816503e-07,
    "fear": 2.7246620655059814,
    "happy": 0.0003841338912025094,
    "sad": 4.140994548797607,
    "surprise": 0.001137755112722516,
    "neutral": 91.43083953857422
  },
  "fear": {
    "angry": 15.166857719421387,
    "disgust": 5.79383377043996e-05,
    "fear": 50.036800384521484,
    "happy": 0.03357675299048424,
    "sad": 4.805295467376709,
    "surprise": 13.976216316223145,
    "neutral": 15.981202125549316
  },
  "angry": {
    "angry": 6.899963855743408,
    "disgust": 7.466414899681695e-06,
    "fear": 1.3036930561065674,
    "happy": 0.0029114256612956524,
    "sad": 8.713960647583008,
    "surprise": 0.0004448856052476913,
    "neutral": 83.07901763916016
  },
  "disgust": {
    "angry": 2.9863317012786865,
    "disgust": 0.00017727675731293857,
    "fear": 13.299860000610352,
    "happy": 0.5918227434158325,
    "sad": 8.613143920898438,
    "surprise": 0.0455760732293129,
    "neutral": 74.46308898925781
  },
  "surprise": {
    "angry": 0.08705177903175354,
    "disgust": 1.909930062993226e-07,
    "fear": 21.50724220275879,
    "happy": 0.3097452223300934,
    "sad": 0.062125761061906815,
    "surprise": 77.83248901367188,
    "neutral": 0.20134559273719788
  }
}